WeatherInfo_httppost,start_time+location+whether_situation_1,getWeatherInfoByAskType,OneTimeOnePlace+start_time+location+whether_situation_1+WHETHER_SITUATION_1,
WeatherInfo_httppost,choice_start_time+location+whether_situation_1,getWeatherInfoByAskType,OneTimeOnePlace+choice_start_time+location+whether_situation_1+WHETHER_SITUATION_1,
WeatherInfo_httppost,start_time+end_time+location+whether_situation_1,getWeatherInfoByAskType,FewTimesOnePlace+start_time+end_time+location+whether_situation_1+WHETHER_SITUATION_1,
WeatherInfo_httppost,start_time+choice_start_time+whether_situation_1+location,getWeatherInfoByAskType,OneTimeOnePlace+start_time+location+whether_situation_1+WHETHER_SITUATION_1,
WeatherInfo_httppost,start_time+start_period+whether_situation_1+location,getWeatherInfoByAskType,OneTimeOnePlace+start_time+location+whether_situation_1+WHETHER_SITUATION_1,
WeatherInfo_httppost,purpose_start_time+purpose_end_time+location+whether_situation_1,getWeatherInfoByAskType,FewTimesOnePlace+purpose_start_time+purpose_end_time+location+whether_situation_1+WHETHER_SITUATION_1,
WeatherInfo_httppost,choice_start_time+location+weather_element+whether_situation_1,getWeatherInfoByAskType,OneTimeOnePlace+choice_start_time+location+whether_situation_1+WHETHER_SITUATION_1,
WeatherInfo_httppost,start_time+location+second_location+whether_situation_1,getWeatherInfoByAskType,OneTimeOnePlace+start_time+location+whether_situation_1+WHETHER_SITUATION_1,
WeatherInfo_httppost,start_time+start_period+whether_situation_1+when_situation_begin,getWeatherInfoByAskType,OneTimeOnePlace+start_time+location+whether_situation_1+WHETHER_SITUATION_1,
WeatherInfo_httppost,start_time+whether_decrease+whether_situation_1+location,getWeatherInfoByAskType,OneTimeOnePlace+start_time+location+whether_situation_1+WHETHER_SITUATION_1,
WeatherInfo_httppost,start_time+end_time+location+whether_situation_1,getWeatherInfoByAskType,FewTimesOnePlace+start_time+end_time+location+whether_situation_1+WHETHER_SITUATION_1,
WeatherInfo_httppost,start_time+location+whether_situation_1+whether_condition,getWeatherInfoByAskType,OneTimeOnePlace+start_time+location+whether_situation_1+WHETHER_SITUATION_1,
WeatherInfo_httppost,start_time+end_time+whether_situation_1+location+when_situation_begin,getWeatherInfoByAskType,FewTimesOnePlace+start_time+end_time+location+whether_situation_1+WHETHER_SITUATION_1,
WeatherInfo_httppost,start_time+search_location+origin+destination+whether_situation_1,getWeatherInfoByAskType,TwoPlacesOneTime+start_time+origin+destination+search_location+whether_situation_1+WHETHER_SITUATION_1,
WeatherInfo_httppost,start_time+end_time+choice_start_time+location+whether_situation_1,getWeatherInfoByAskType,FewTimesOnePlace+start_time+end_time+location+whether_situation_1+WHETHER_SITUATION_1,
WeatherInfo_httppost,start_time+choice_start_time+location+weather_element+whether_situation_1,getWeatherInfoBySpecificElement,OneTimeOnePlace+start_time+location+weather_element,
WeatherInfo_httppost,start_time+location+weather_element+whether_situation_1+whether_strong,getWeatherInfoBySpecificElement,OneTimeOnePlace+start_time+location+weather_element,
WeatherInfo_httppost,start_time+end_time+whether_situation_1+location+whether_strong,getWeatherInfoByAskType,FewTimesOnePlace+start_time+end_time+location+whether_situation_1+WHETHER_SITUATION_1,
WeatherInfo_httppost,start_time+purpose+destination+end_time+whether_situation_1,getWeatherInfoByAskType,FewTimesOnePlace+start_time+end_time+location+whether_situation_1+WHETHER_SITUATION_1,
WeatherInfo_httppost,start_time+choice_start_time+end_time+location+whether_situation_1,getWeatherInfoByAskType,FewTimesOnePlace+start_time+end_time+location+whether_situation_1+WHETHER_SITUATION_1,
WeatherInfo_httppost,start_time+location+weather_element+whether_situation_1+whether_good,getWeatherInfoBySpecificElement,OneTimeOnePlace+start_time+location+weather_element,
WeatherInfo_httppost,weather_element+start_time+whether_situation_1+location+when_situation_stop,getWeatherInfoBySpecificElement,OneTimeOnePlace+start_time+location+weather_element,
WeatherInfo_httppost,start_time+temperature+whether_situation_1+location+whether_achieve,getWeatherInfoByAskType,OneTimeOnePlace+start_time+location+whether_situation_1+WHETHER_SITUATION_1,
WeatherInfo_httppost,start_time+purpose+destination+whether_situation_1+trip_mode,getWeatherInfoByAskType,OneTimeOnePlace+start_time+location+whether_situation_1+WHETHER_SITUATION_1,
WeatherInfo_httppost,start_time+location+purpose_start_time+purpose+whether_situation_1+when_situation_begin,getWeatherInfoByAskType,OneTimeOnePlace+start_time+location+whether_situation_1+WHETHER_SITUATION_1,
WeatherInfo_httppost,start_time+end_time+location+whether_situation_1+whether_strong,getWeatherInfoByAskType,FewTimesOnePlace+start_time+end_time+location+whether_situation_1+WHETHER_SITUATION_1,
WeatherInfo_httppost,start_time+end_time+location+whether_situation_1+whether_condition,getWeatherInfoByAskType,FewTimesOnePlace+start_time+end_time+location+whether_situation_1+WHETHER_SITUATION_1,
WeatherInfo_httppost,start_time+search_location+purpose_start_time+destination+end_time+whether_situation_1,getWeatherInfoByAskType,FewTimesOnePlace+start_time+end_time+destination+whether_situation_1+WHETHER_SITUATION_1,
WeatherInfo_httppost,weather_element+purpose_start_time+purpose+destination+whether_situation_1+whether_strong,getWeatherInfoBySpecificElement,OneTimeOnePlace+purpose_start_time+destination+weather_element,
WeatherInfo_httppost,start_time+purpose+destination+start_period+whether_situation_1+whether_strong ,getWeatherInfoByAskType,OneTimeOnePlace+start_time+destination+whether_situation_1+WHETHER_SITUATION_1,
WeatherInfo_httppost,start_time+end_time+location+weather_element+whether_situation_1+whether_strong,getWeatherInfoBySpecificElement,FewTimesOnePlace+start_time+end_time+location+weather_element,
WeatherInfo_httppost,start_tim+end_time+location+choice_start_time+choice_end_time+whether_situation_1,getWeatherInfoByAskType,FewTimesOnePlace+start_time+end_time+location+whether_situation_1+WHETHER_SITUATION_1,
WeatherInfo_httppost,start_time+end_time+purpose_start_time+purpose+destination+whether_situation_1,getWeatherInfoByAskType,FewTimesOnePlace+start_time+end_time+destination+whether_situation_1+WHETHER_SITUATION_1,
WeatherInfo_httppost,start_time+destination+weather_element+search_location+purpose+whether_situation_1,getWeatherInfoBySpecificElement,OneTimeOnePlace+start_time+destination+weather_element,
WeatherInfo_httppost,weather_element+start_time+start_period+whether_situation_1+when_situation_begin+trip_mode,getWeatherInfoBySpecificElement,OneTimeOnePlace+start_time+location+weather_element,
WeatherInfo_httppost,start_time+search_location+purpose_start_time+destination+end_time+whether_situation_1,getWeatherInfoByAskType,FewTimesOnePlace+start_time+end_time+destination+whether_situation_1+WHETHER_SITUATION_1,
WeatherInfo_httppost,start_time+end_time+location+choice_start_time+choice_end_time+whether_situation_1,getWeatherInfoByAskType,FewTimesOnePlace+start_time+end_time+location+whether_situation_1+WHETHER_SITUATION_1,
WeatherInfo_httppost,start_time+destination+weather_element+search_location+purpose+whether_situation_1,getWeatherInfoBySpecificElement,OneTimeOnePlace+start_time+destination+weather_element,
WeatherInfo_httppost,start_time+end_time+choice_start_time+choice_end_time+whether_decrease+whether_situation_1+location,getWeatherInfoByAskType,FewTimesOnePlace+start_time+end_time+location+whether_situation_1+WHETHER_SITUATION_1,
WeatherInfo_httppost,weather_element+destination+whether_situation_1+whether_strong+whether_condition+location+when_situation_stop+start_time,getWeatherInfoBySpecificElement,OneTimeOnePlace+start_time+destination+weather_element,
WeatherInfo_httppost,purpose_start_time+purpose_end_time+destination+whether_situation_1+search_location,getWeatherInfoByAskType,FewTimesOnePlace+purpose_start_time+purpose_end_time+destination+whether_situation_1+WHETHER_SITUATION_1,
WeatherInfo_httppost,start_time+end_time+destination+whether_situation_1+whether_strong,getWeatherInfoByAskType,FewTimesOnePlace+start_time+end_time+destination+whether_situation_1+WHETHER_SITUATION_1,
WeatherInfo_httppost,start_time+end_time+choice_start_time+choice_end_time+location+whether_situation_1,getWeatherInfoByAskType,FewTimesOnePlace+start_time+end_time+location+whether_situation_1+WHETHER_SITUATION_1,
WeatherInfo_httppost,choice_start_time+choice_end_time+location+whether_situation_1,getWeatherInfoByAskType,FewTimesOnePlace+choice_start_time+choice_end_time+location+whether_situation_1+WHETHER_SITUATION_1,
WeatherInfo_httppost,start_time+start_period+end_period+whether_situation_1+location,getWeatherInfoByAskType,OneTimeOnePlace+start_time+location+whether_situation_1+WHETHER_SITUATION_1,
WeatherInfo_httppost,start_time+choice_start_time+whether_good+whether_situation_1+location,getWeatherInfoByAskType,OneTimeOnePlace+start_time+location+whether_situation_1+WHETHER_SITUATION_1,
WeatherInfo_httppost,start_time+choice_start_time+search_location+whether_situation_1+location,getWeatherInfoByAskType,OneTimeOnePlace+start_time+location+whether_situation_1+WHETHER_SITUATION_1,
WeatherInfo_httppost,start_time+destination+whether_situation_1+trip_mode+search_location,getWeatherInfoByAskType,OneTimeOnePlace+start_time+destination+whether_situation_1+WHETHER_SITUATION_1,
WeatherInfo_httppost,choice_start_time+start_time+start_period+whether_situation_1+location,getWeatherInfoByAskType,OneTimeOnePlace+start_time+location+whether_situation_1+WHETHER_SITUATION_1,
WeatherInfo_httppost,start_time+whether_situation_1+temperature_date+location,getWeatherInfoByAskType,OneTimeOnePlace+start_time+location+whether_situation_1+WHETHER_SITUATION_1,
WeatherInfo_httppost,start_time+whether_situation_1+whether_increase+location,getWeatherInfoByAskType,OneTimeOnePlace+start_time+location+whether_situation_1+WHETHER_SITUATION_1,
WeatherInfo_httppost,search_location+purpose_start_time+destination+purpose_end_time+whether_situation_1,getWeatherInfoByAskType,FewTimesOnePlace+purpose_start_time+purpose_end_time+destination+whether_situation_1+WHETHER_SITUATION_1,
WeatherInfo_httppost,start_time+destination+whether_situation_1+whether_strong+whether_condition+location+when_situation_stop,getWeatherInfoBySpecificElement,OneTimeOnePlace+start_time+destination+weather_element,
WeatherInfo_httppost,start_time+temperature+whether_situation_1+location+whether_achieve,getWeatherInfoByAskType,OneTimeOnePlace+start_time+location+whether_situation_1+WHETHER_SITUATION_1,
WeatherInfo_httppost,weather_element+start_time+whether_situation_1+location+when_situation_stop,getWeatherInfoBySpecificElement,OneTimeOnePlace+start_time+location+weather_element,
WeatherInfo_httppost,purpose_start_time+purpose_start_period+destination+start_period+whether_situation_1,getWeatherInfoByAskType,OneTimeOnePlace+start_time+destination+whether_situation_1+WHETHER_SITUATION_1,
WeatherInfo_httppost,weather_element+purpose_start_time+purpose+destination+whether_situation_1+whether_strong ,getWeatherInfoBySpecificElement,OneTimeOnePlace+purpose_start_time+destination+weather_element,
WeatherInfo_httppost,purpose_start_time+purpose+destination+whether_situation_1+whether_strong,getWeatherInfoByAskType,OneTimeOnePlace+purpose_start_time+destination+whether_situation_1+WHETHER_SITUATION_1,
WeatherInfo_httppost,weather_element+purpose_start_time+purpose+destination+whether_situation_1,getWeatherInfoBySpecificElement,OneTimeOnePlace+purpose_start_time+destination+weather_element,
WeatherInfo_httppost,weather_element+start_time+end_time+whether_situation_1+location+whether_strong,getWeatherInfoBySpecificElement,FewTimesOnePlace+start_time+end_time+location+weather_element,
WeatherInfo_httppost,weather_element+start_time+whether_situation_1+location+whether_good,getWeatherInfoBySpecificElement,OneTimeOnePlace+start_time+location+weather_element,
WeatherInfo_httppost,weather_element+start_time+end_time+whether_situation_1+location+whether_strong,getWeatherInfoBySpecificElement,FewTimesOnePlace+start_time+end_time+location+weather_element,
WeatherInfo_httppost,start_time+location+whether_strong+whether_situation_1,getWeatherInfoByAskType,OneTimeOnePlace+start_time+location+whether_situation_1+WHETHER_SITUATION_1,
WeatherInfo_httppost,start_time+choice_start_time+location+whether_strong+whether_situation_1,getWeatherInfoByAskType,OneTimeOnePlace+start_time+location+whether_situation_1+WHETHER_SITUATION_1,
WeatherInfo_httppost,start_time+start_period+location+whether_situation_1,getWeatherInfoByAskType,OneTimeOnePlace+start_time+location+whether_situation_1+WHETHER_SITUATION_1,
WeatherInfo_httppost,start_time+whether_situation_1+whether_condition+location,getWeatherInfoByAskType,OneTimeOnePlace+start_time+location+whether_situation_1+WHETHER_SITUATION_1,
WeatherInfo_httppost,choice_start_period+choice_start_time+whether_situation_1+location ,getWeatherInfoByAskType,OneTimeOnePlace+choice_start_time+location+whether_situation_1+WHETHER_SITUATION_1,
WeatherInfo_httppost,start_time+choice_start_time+whether_situation_1+location,getWeatherInfoByAskType,OneTimeOnePlace+start_time+location+whether_situation_1+WHETHER_SITUATION_1,
WeatherInfo_httppost,start_time+whether_situation_1+location,getWeatherInfoByAskType,OneTimeOnePlace+start_time+location+whether_situation_1+WHETHER_SITUATION_1,
WeatherInfo_httppost,start_time+end_time+whether_situation_1+location,getWeatherInfoByAskType,FewTimesOnePlace+start_time+end_time+location+whether_situation_1+WHETHER_SITUATION_1,
WeatherInfo_httppost,start_time+choice_start_time+end_time+whether_situation_1+location+purpose,getWeatherInfoWithSomeAim,FewTimesOnePlace+start_time+end_time1+location+purpose,
WeatherInfo_httppost,start_time+whether_situation_1+location,getWeatherInfoByAskType,OneTimeOnePlace+start_time+location+whether_situation_1+WHETHER_SITUATION_1,
WeatherInfo_httppost,start_time+whether_situation_1+location+whether_strong,getWeatherInfoByAskType,OneTimeOnePlace+start_time+location+whether_strong+WHETHER_STRONG,
WeatherInfo_httppost,start_time+location+whether_condition,getWeatherInfoByAskType,OneTimeOnePlace+start_time+location+whether_condition+WHETHER_CONDITION,
WeatherInfo_httppost,purpose_start_time+search_location+origin+destination+whether_strong+whether_condition+trip_mode,getWeatherInfoByAskType,TwoPlacesOneTime+purpose_start_time+origin+destination+whether_condition+WHETHER_CONDITION,
WeatherInfo_httppost,weather_element+start_time+destination+location+whether_condition,getWeatherInfoByAskType,OneTimeOnePlace+start_time+location+whether_condition+WHETHER_CONDITION,
WeatherInfo_httppost,choice_start_time+purpose+destination+location+whether_condition ,getWeatherInfoByAskType,OneTimeOnePlace+choice_start_time+location+whether_condition+WHETHER_CONDITION,
WeatherInfo_httppost,start_time+location+whether_condition+whether_strong,getWeatherInfoByAskType,OneTimeOnePlace+start_time+location+whether_condition+WHETHER_CONDITION,
WeatherInfo_httppost,start_time+whether_condition+location,getWeatherInfoByAskType,OneTimeOnePlace+start_time+location+whether_condition+WHETHER_CONDITION,
WeatherInfo_httppost,start_time+location+whether_strong,getWeatherInfoByAskType,OneTimeOnePlace+start_time+location+whether_strong+WHETHER_STRONG,
WeatherInfo_httppost,destination+start_time+whether_strong,getWeatherInfoByAskType,OneTimeOnePlace+start_time+destination+whether_strong+WHETHER_STRONG,
WeatherInfo_httppost,purpose_start_time+purpose+whether_strong+location,getWeatherInfoByAskType,OneTimeOnePlace+purpose_start_time+location+whether_strong+WHETHER_STRONG,
WeatherInfo_httppost,start_time+choice_start_time+whether_strong+location,getWeatherInfoByAskType,OneTimeOnePlace+choice_start_time+location+whether_strong+WHETHER_STRONG,
WeatherInfo_httppost,purpose_start_time+purpose+destination+whether_strong,getWeatherInfoByAskType,OneTimeOnePlace+purpose_start_time+destination+whether_strong+WHETHER_STRONG,
WeatherInfo_httppost,start_time+choice_start_time+end_time+choice_end_time+whether_strong+location,getWeatherInfoByAskType,FewTimesOnePlace+start_time+end_time+location+whether_strong+WHETHER_STRONG,
WeatherInfo_httppost,start_time+whether_strong+location,getWeatherInfoByAskType,OneTimeOnePlace+start_time+location+whether_strong+WHETHER_STRONG,
WeatherInfo_httppost,choice_start_time+location+whether_situation_2,getWeatherInfoByAskType,OneTimeOnePlace+choice_start_time+location++whether_situation_2+WHETHER_SITUATION_2,
WeatherInfo_httppost,start_time+location+whether_situation_2,getWeatherInfoByAskType,OneTimeOnePlace+start_time+location+whether_situation_2+WHETHER_SITUATION_2,
WeatherInfo_httppost,choice_time+location+whether_situation_2,getWeatherInfoByAskType,OneTimeOnePlace+choice_time+location+whether_situation_2+WHETHER_SITUATION_2,
WeatherInfo_httppost,choice_start_time+location+whether_situation_2+weather_element,getWeatherInfoByAskType,OneTimeOnePlace+choice_start_time+location+whether_situation_2+WHETHER_SITUATION_2,
WeatherInfo_httppost,purpose_start_time+purpose_end_time+location+whether_situation_2,getWeatherInfoByAskType,FewTimesOnePlace+purpose_start_time+purpose_end_time+location+whether_situation_2+WHETHER_SITUATION_2,
WeatherInfo_httppost,start_time+end_time+location+whether_situation_2,getWeatherInfoByAskType,FewTimesOnePlace+start_time+end_time+location+whether_situation_2+WHETHER_SITUATION_2,
WeatherInfo_httppost,start_time+location+whether_situation_2+choice_time,getWeatherInfoByAskType,OneTimeOnePlace+start_time+location+whether_situation_2+WHETHER_SITUATION_2,
WeatherInfo_httppost,start_time+location+whether_situation_2+choice_start_time,getWeatherInfoByAskType,OneTimeOnePlace+start_time+location+whether_situation_2+WHETHER_SITUATION_2,
WeatherInfo_httppost,start_time+location+whether_situation_2+start_period,getWeatherInfoByAskType,OneTimeOnePlace+start_time+location+whether_situation_2+WHETHER_SITUATION_2,
WeatherInfo_httppost,start_time+location+second_location+whether_situation_2,getWeatherInfoByAskType,TwoPlacesOneTime+start_time+location+second_location+whether_situation_2+WHETHER_SITUATION_2,
WeatherInfo_httppost,start_time+end_time+location+whether_situation_2+choice_start_time,getWeatherInfoByAskType,FewTimesOnePlace+start_time+end_time+location+whether_situation_2+WHETHER_SITUATION_2,
WeatherInfo_httppost,start_time+location+whether_situation_1+end_time+whether_situation_2,getWeatherInfoByAskType,OneTimeOnePlace+start_time+location+whether_situation_1+WHETHER_SITUATION_1,
WeatherInfo_httppost,start_time+origin+destination+whether_situation_2+search_location,getWeatherInfoByAskType,TwoPlacesOneTime+start_time+origin+destination+whether_situation_2++WHETHER_SITUATION_2,
WeatherInfo_httppost,start_time+location+whether_situation_2+choice_start_time+weather_element,getWeatherInfoByAskType,OneTimeOnePlace+start_time+location+whether_situation_2+WHETHER_SITUATION_2,
WeatherInfo_httppost,start_time+end_time+location+whether_situation_1+choice_start_time+whether_situation_2,getWeatherInfoByAskType,FewTimesOnePlace+start_time+end_time+location+whether_situation_1+WHETHER_SITUATION_1,
WeatherInfo_httppost,start_time+location+whether_situation_2+whether_good,getWeatherInfoByAskType,OneTimeOnePlace+start_time+location+whether_situation_2+WHETHER_SITUATION_2,
WeatherInfo_httppost,start_time+location+whether_situation_2+choice_start_time+whether_strong,getWeatherInfoByAskType,OneTimeOnePlace+start_time+location+whether_situation_2+WHETHER_SITUATION_2,
WeatherInfo_httppost,choice_start_time+location+whether_situation_2+choice_start_period,getWeatherInfoByAskType,OneTimeOnePlace+choice_start_time+location+whether_situation_2+WHETHER_SITUATION_2,
WeatherInfo_httppost,start_time+location+whether_situation_2,getWeatherInfoByAskType,OneTimeOnePlace+start_time+location+whether_situation_2+WHETHER_SITUATION_2,
WeatherInfo_httppost,choice_start_time+location+weather_element,getWeatherInfoBySpecificElement,OneTimeOnePlace+choice_start_time+location+weather_element,
WeatherInfo_httppost,start_time+choice_start_time+location+weather_element,getWeatherInfoBySpecificElement,OneTimeOnePlace+start_time+location+weather_element,
WeatherInfo_httppost,start_time+location+second_location+weather_element,getWeatherInfoBySpecificElement,OneTimeOnePlace+start_time+location+weather_element,
WeatherInfo_httppost,purpose_start_time+purpose+destination+weather_element,getWeatherInfoBySpecificElement,OneTimeOnePlace+purpose_start_time+destination+weather_element,
WeatherInfo_httppost,start_time+location+weather_element+when_situation_stop,getWeatherInfoBySpecificElement,OneTimeOnePlace+start_time+location+weather_element,
WeatherInfo_httppost,start_time+location+weather_element+purpose,getWeatherInfoBySpecificElement,OneTimeOnePlace+start_time+location+weather_element,
WeatherInfo_httppost,start_time+origin+destination+purpose_start_time+weather_element,getWeatherInfoBySpecificElement,TwoPlacesOneTime+start_time+origin+destination+weather_element,
WeatherInfo_httppost,start_time+location+weather_element+choice_start_time+whether_strong,getWeatherInfoBySpecificElement,OneTimeOnePlace+start_time+location+weather_element,
WeatherInfo_httppost,purpose_start_time+location+weather_element+destination+trip_mode,getWeatherInfoBySpecificElement,OneTimeOnePlace+purpose_start_time+location+weather_element,
WeatherInfo_httppost,weather_element+start_time+destination+location+whether_condition,getWeatherInfoBySpecificElement,OneTimeOnePlace+start_time+location+weather_element,
WeatherInfo_httppost,purpose_start_time+destination+weather_element+search_location+trip_mode,getWeatherInfoBySpecificElement,OneTimeOnePlace+purpose_start_time+search_location+weather_element,
WeatherInfo_httppost,start_time+location+weather_element+start_period+whether_condition,getWeatherInfoBySpecificElement,OneTimeOnePlace+start_time+location+weather_element,
WeatherInfo_httppost,purpose_start_time+location+weather_element+search_location+purpose,getWeatherInfoBySpecificElement,OneTimeOnePlace+start_time+location+weather_element,
WeatherInfo_httppost,weather_element+start_time+purpose_start_time+purpose+destination+location,getWeatherInfoBySpecificElement,OneTimeOnePlace+start_time+location+weather_element,
WeatherInfo_httppost,purpose_start_time+purpose_start_period+origin+destination+search_location+weather_element,getWeatherInfoBySpecificElement,TwoPlacesOneTime+purpose_start_time+origin+destination+weather_element,
WeatherInfo_httppost,start_time+origin+destination+weather_element+search_location+choice_start_time+trip_mode,getWeatherInfoBySpecificElement,OneTimeOnePlace+start_time+search_location+weather_element,
WeatherInfo_httppost,start_time+end_time+weather_element+location,getWeatherInfoBySpecificElement,FewTimesOnePlace+start_time+end_time+location+weather_element,
WeatherInfo_httppost,choice_start_time+choice_end_time+location+weather_element,getWeatherInfoBySpecificElement,FewTimesOnePlace+choice_start_time+choice_end_time+location+weather_element,
WeatherInfo_httppost,start_time+end_time+location+weather_element,getWeatherInfoBySpecificElement,FewTimesOnePlace+start_time+end_time+location+weather_element,
WeatherInfo_httppost,purpose_start_time+location+weather_element+purpose,getWeatherInfoBySpecificElement,OneTimeOnePlace+purpose_start_time+location+weather_element,
WeatherInfo_httppost,start_time+weather_element+choice_start_time+trip_mode+location,getWeatherInfoBySpecificElement,OneTimeOnePlace+start_time+location+weather_element,
WeatherInfo_httppost,start_time+weather_element+purpose+location,getWeatherInfoBySpecificElement,OneTimeOnePlace+start_time+location+weather_element,
WeatherInfo_httppost,weather_element+purpose_start_time+purpose+destination,getWeatherInfoBySpecificElement,OneTimeOnePlace+purpose_start_time+destination+weather_element,
WeatherInfo_httppost,start_time+end_time+location+whether_condition+weather_element,getWeatherInfoBySpecificElement,FewTimesOnePlace+start_time+end_time+location+weather_element,
WeatherInfo_httppost,weather_element+choice_start_time+start_time+end_time+choice_start_time+location,getWeatherInfoBySpecificElement,FewTimesOnePlace+start_time+end_time+location+weather_element,
WeatherInfo_httppost,start_time+end_time+location+weather_element+choice_start_time,getWeatherInfoBySpecificElement,FewTimesOnePlace+start_time+end_time+location+weather_element,
WeatherInfo_httppost,start_time+purpose_start_time+purpose+destination+weather_element+search_location,getWeatherInfoBySpecificElement,OneTimeOnePlace+start_time+destination+purpose,
WeatherInfo_httppost,weather_element+purpose_start_time+destination+trip_mode,getWeatherInfoBySpecificElement,OneTimeOnePlace+purpose_start_time+destination+weather_element,
WeatherInfo_httppost,weather_element+start_time+start_period+location,getWeatherInfoBySpecificElement,OneTimeOnePlace+start_time+location+weather_element,
WeatherInfo_httppost,weather_element+start_time+purpose+location,getWeatherInfoBySpecificElement,OneTimeOnePlace+start_time+location+weather_element,
WeatherInfo_httppost,weather_element+start_time+purpose+location+purpose_start_time,getWeatherInfoBySpecificElement,OneTimeOnePlace+start_time+location+weather_element,
WeatherInfo_httppost,start_time+location+start_period+weather_element,getWeatherInfoBySpecificElement,OneTimeOnePlace+start_time+location+start_period,
WeatherInfo_httppost,start_time+location+weather_element+trip_mode,getWeatherInfoBySpecificElement,OneTimeOnePlace+start_time+location+weather_element,
WeatherInfo_httppost,purpose_start_time+location+purpose+weather_element,getWeatherInfoBySpecificElement,OneTimeOnePlace+purpose_start_time+location+purpose,
WeatherInfo_httppost,purpose_start_time+location+purpose+weather_element+search_location+start_period,getWeatherInfoBySpecificElement,OneTimeOnePlace+purpose_start_time+location+purpose,
WeatherInfo_httppost,start_time+weather_element+location,getWeatherInfoBySpecificElement,OneTimeOnePlace+start_time+location+weather_element,
WeatherInfo_httppost,purpose_start_time+weather_element+search_location+purpose+destination,getWeatherInfoBySpecificElement,OneTimeOnePlace+purpose_start_time+destination+purpose,
WeatherInfo_httppost,choice_start_time+weather_element+search_location+purpose+destination,getWeatherInfoBySpecificElement,OneTimeOnePlace+choice_start_time+destination+purpose,
WeatherInfo_httppost,start_time+location+weather_element,getWeatherInfoBySpecificElement,OneTimeOnePlace+start_time+location+weather_element,
WeatherInfo_httppost,start_time+weather_element+location,getWeatherInfoBySpecificElement,OneTimeOnePlace+start_time+location+weather_element,
WeatherInfo_httppost,start_time+weather_element+location,getWeatherInfoBySpecificElement,OneTimeOnePlace+start_time+location+weather_element,
WeatherInfo_httppost,weather_element+choice_start_time+start_time+end_time+location,getWeatherInfoBySpecificElement,FewTimesOnePlace+start_time+end_time+location+weather_element,
WeatherInfo_httppost,weather_element+choice_start_time+start_time+location,getWeatherInfoBySpecificElement,OneTimeOnePlace+start_time+location+weather_element,
WeatherInfo_httppost,purpose_start_time+destination,getWeatherInfoByTimeAndPlace,purpose_start_time+destination,
WeatherInfo_httppost,start_time+whether_good+purpose+location,getWeatherInfoWithSomeAim,OneTimeOnePlace+start_time+location+purpose,
WeatherInfo_httppost,start_time+origin+destination+purpose_start_time,getTwoPlacesWeatherInfo,start_time+origin+destination,
WeatherInfo_httppost,purpose_start_time+destination+search_location+whether_good+trip_mode,getWeatherInfoByAskType,OneTimeOnePlace+purpose_start_time+destination+whether_good+WHETHER_GOOD,
WeatherInfo_httppost,purpose_start_time+purpose_start_period+origin+destination+location+search_location,getWeatherInfoOfSpecificDay,purpose_start_time+origin+destination+search_location,
WeatherInfo_httppost,start_time+choice_start_time+purpose+location,getWeatherInfoWithSomeAim,OneTimeOnePlace+start_time+location+purpose,
WeatherInfo_httppost,purpose_start_time+destination+temperature,getWeatherInfoByTimeAndPlace,purpose_start_time+destination,
WeatherInfo_httppost,start_time+start_period+location+purpose+when_situation_stop,getWeatherInfoWithSomeAim,OneTimeOnePlace+start_time+location+purpose,
WeatherInfo_httppost,start_time+purpose_start_time+destination+purpose,getWeatherInfoWithSomeAim,OneTimeOnePlace+start_time+destination+purpose,
WeatherInfo_httppost,start_time+location+purpose,getWeatherInfoWithSomeAim,OneTimeOnePlace+start_time+location+purpose,
WeatherInfo_httppost,purpose_start_time+location+purpose,getWeatherInfoWithSomeAim,OneTimeOnePlace+purpose_start_time+location+purpose,
WeatherInfo_httppost,start_time+destination+purpose,getWeatherInfoWithSomeAim,OneTimeOnePlace+start_time+destination+purpose,
WeatherInfo_httppost,start_time+search_location+purpose+destination,getWeatherInfoWithSomeAim,OneTimeOnePlace+start_time+destination+purpose,
WeatherInfo_httppost,start_time+start_period+end_time+end_period+location,getPeriodWeatherInfo,start_time+end_time+location,
WeatherInfo_httppost,start_time+start_period+location+whether_good,getWeatherInfoBySpecificTimeAndPlace,OneTimeOnePlace+start_time+location+start_period,
WeatherInfo_httppost,start_time+start_period+location,getWeatherInfoBySpecificTimeAndPlace,OneTimeOnePlace+start_time+location+start_period,
WeatherInfo_httppost,choice_start_time+start_time+choice_start_period+start_period+whether_good+location,getWeatherInfoBySpecificTimeAndPlace,OneTimeOnePlace+start_time+location+start_period,
WeatherInfo_httppost,whether_weak+start_time+location,getWeatherInfoByAskType,OneTimeOnePlace+start_time+location+whether_weak+WHETHER_WEAK,
WeatherInfo_httppost,start_time+location,getWeatherInfoByTimeAndPlace,start_time+location,
WeatherInfo_httppost,choice_start_time+location,getWeatherInfoByTimeAndPlace,choice_start_time+location,
WeatherInfo_httppost,start_time+location+whether_good,getWeatherInfoByAskType,OneTimeOnePlace+start_time+location+whether_good+WHETHER_GOOD,
WeatherInfo_httppost,start_time+location+whether_decrease,getWeatherInfoByAskType,OneTimeOnePlace+start_time+location+whether_decrease+WHETHER_DECREASE,
WeatherInfo_httppost,start_time+location+whether_increase,getWeatherInfoByAskType,OneTimeOnePlace+start_time+location+whether_increase+WHETHER_INCREASE,
WeatherInfo_httppost,start_time+origin+destination,getTwoPlacesWeatherInfo,start_time+origin+destination,
WeatherInfo_httppost,start_time+end_time+location,getPeriodWeatherInfo,start_time+end_time+location,
WeatherInfo_httppost,start_time+location+second_location,getTwoPlacesWeatherInfo,start_time+location+second_location,
WeatherInfo_httppost,start_time+location+when_situation_stop,getWeatherInfoByTimeAndPlace,start_time+location,
WeatherInfo_httppost,start_time+end_time+location,getPeriodWeatherInfo,start_time+end_time+location,
WeatherInfo_httppost,start_time+end_time+location+best_date,getPeriodWeatherInfo,start_time+end_time+location,
WeatherInfo_httppost,choice_start_time+location,getWeatherInfoByTimeAndPlace,choice_start_time+location,
WeatherInfo_httppost,start_time+destination,getWeatherInfoByTimeAndPlace,start_time+destination,
WeatherInfo_httppost,choice_start_time+start_time+end_time+location,getPeriodWeatherInfo,start_time+end_time+location,
WeatherInfo_httppost,weather_element+choice_start_time+start_time+purpose_start_period+purpose_start_time+purpose+choice_start_period+location,getWeatherInfoWithSomeAim,OneTimeOnePlace+start_time+location+purpose,
WeatherInfo_httppost,weather_element+start_time+purpose+start_period+location,getWeatherInfoWithSomeAim,OneTimeOnePlace+start_time+location+purpose,
WeatherInfo_httppost,start_time+weather_elemen+search_location+purpose+destination+query_few_days,getWeatherInfoWithAboutTime,SpecialDay+start_time+query_few_days+destination,
WeatherInfo_httppost,start_time+end_time+location+whether_strong,getWeatherInfoByAskType,FewTimesOnePlace+start_time+end_time+location+whether_strong+WHETHER_STRONG,
WeatherInfo_httppost,start_time+purpose+start_period+whether_good+location,getWeatherInfoByAskType,OneTimeOnePlace+start_time+location+whether_good+WHETHER_GOOD,
WeatherInfo_httppost,weather_element+start_time+purpose+end_time+location,getWeatherInfoWithSomeAim,FewTimesOnePlace+start_time+end_time+location+purpose,
WeatherInfo_httppost,weather_element+purpose_start_time+destination,getWeatherInfoBySpecificElement,OneTimeOnePlace+purpose_start_time+destination+weather_element,
WeatherInfo_httppost,start_time+weather_element+search_location+purpose+destination+query_few_days,getWeatherInfoWithSomeAim,OneTimeOnePlace+start_time+destination+purpose,
WeatherInfo_httppost,start_time+location+query_after_few_days+weather_element,getWeatherInfoWithAboutTime,SpecialDay+start_time+query_few_days+location,
WeatherInfo_httppost,start_time+end_time+location+whether_situation_1,getWeatherInfoByAskType,FewTimesOnePlace+start_time+end_time+location+whether_situation_1+WHETHER_SITUATION_1,
WeatherInfo_httppost,start_time+end_time+location+choice_start_time+choice_end_time+weather_element,getWeatherInfoBySpecificElement,FewTimesOnePlace+start_time+end_time+location+weather_element,
WeatherInfo_httppost,start_time+end_time+location+weather_condition,getWeatherInfoByAskType,FewTimesOnePlace+start_time+end_time+location+whether_condition+WHETHER_CONDITION,
WeatherInfo_httppost,weather_element+choice_start_time+start_time+choice_end_time+end_time+location,getWeatherInfoBySpecificElement,FewTimesOnePlace+start_time+end_time+location+weather_element,
WeatherInfo_httppost,weather_element+search_location+purpose+destination+query_few_days,getWeatherInfoWithAboutTime,Today+query_few_days+destination,
WeatherInfo_httppost,start_time+weather_element+search_location+purpose+destination,getWeatherInfoBySpecificElement,OneTimeOnePlace+start_time+destination+weather_element,
WeatherInfo_httppost,purpose_start_time+whether_situation_1+location,getWeatherInfoByAskType,OneTimeOnePlace+purpose_start_time+location+whether_situation_1+WHETHER_SITUATION_1,
WeatherInfo_httppost,purpose_start_time+whether_situation_2+location,getWeatherInfoByAskType,OneTimeOnePlace+purpose_start_time+location+whether_situation_2+WHETHER_SITUATION_2,
WeatherInfo_httppost,start_time+end_time+choice_start_time+choice_end_time+weather_element+location,getWeatherInfoBySpecificElement,FewTimesOnePlace+start_time+end_time+location+weather_element,
WeatherInfo_httppost,start_time+location+query_few_days+weather_element,getWeatherInfoWithAboutTime,SpecialDay+start_time+query_few_days+location,
WeatherInfo_httppost,start_time+end_time+location+whether_condition,getWeatherInfoByAskType,FewTimesOnePlace+start_time+end_time+location+whether_condition+WHETHER_CONDITION,
WeatherInfo_httppost,choice_start_time+start_time+choice_end_time+end_time+location+weather_element,getWeatherInfoBySpecificElement,FewTimesOnePlace+start_time+end_time+location+weather_element,
WeatherInfo_httppost,start_time+purpose_start_time+purpose+destination+whether_situation_1,getWeatherInfoByAskType,OneTimeOnePlace+start_time+destination+whether_situation_1+WHETHER_SITUATION_1,
WeatherInfo_httppost,weather_element+choice_start_time+start_time+location+whether_good,getWeatherInfoBySpecificElement,OneTimeOnePlace+start_time+location+weather_element,
WeatherInfo_httppost,purpose_start_time+destination+whether_situation_1+trip_mode,getWeatherInfoByAskType,OneTimeOnePlace+purpose_start_time+destination+whether_situation_1+WHETHER_SITUATION_1,
WeatherInfo_httppost,start_time+location+whether_achieve,getWeatherInfoByAskType,OneTimeOnePlace+start_time+location+whether_achieve+WHETHER_ACHIEVE,
WeatherInfo_httppost,weather_element+choice_start_time+choice_end_time+end_time+location,getWeatherInfoBySpecificElement,FewTimesOnePlace+choice_start_time+end_time+location+weather_element,
WeatherInfo_httppost,start_time+start_period+location+whether_condition,getWeatherInfoBySpecificElement,OneTimeOnePlace+start_time+location+weather_element,
WeatherInfo_httppost,weather_element+start_time+whether_increase+location,getWeatherInfoBySpecificElement,OneTimeOnePlace+start_time+location+weather_element,
WeatherInfo_httppost,weather_element+start_time+location+whether_strong,getWeatherInfoBySpecificElement,OneTimeOnePlace+start_time+location+weather_element,
WeatherInfo_httppost,start_time+choice_start_time+location+whether_good,getWeatherInfoByAskType,OneTimeOnePlace+start_time+location+whether_good+WHETHER_GOOD,
WeatherInfo_httppost,start_time+purpose_start_time+destination+weather_element+search_location,getWeatherInfoBySpecificElement,OneTimeOnePlace+start_time+destination+weather_element,
WeatherInfo_httppost,start_time+start_period+location+purpose,getWeatherInfoBySpecificTimeAndPlace,OneTimeOnePlace+start_time+start_period+location,
WeatherInfo_httppost,start_time+start_period+location+choice_start_time+choice_start_period+weather_strong,getWeatherInfoByAskType,OneTimeOnePlace+start_time+start_period+location+weather_strong+WHETHER_STRONG,
WeatherInfo_httppost,start_time+start_period+location+choice_start_time+weather_element,getWeatherInfoBySpecificElement,OneTimeOnePlace+start_time+location+weather_element,
WeatherInfo_httppost,start_time+end_time+purpose_end_time+location+weather_element,getWeatherInfoBySpecificElement,FewTimesOnePlace+start_time+end_time+location+weather_element,
WeatherInfo_httppost,start_time+location+weather_element+choice_start_time+whether_condition,getWeatherInfoBySpecificElement,OneTimeOnePlace+start_time+location+weather_element,
WeatherInfo_httppost,start_time+end_time+location+whether_condition+temperature_date,getWeatherInfoByAskType,FewTimesOnePlace+start_time+end_time+location+whether_condition+WHETHER_CONDITION,
WeatherInfo_httppost,start_time+origin+destination+weather_element+choice_start_time+purpose_start_period+choice_start_period+purpose_start_time,getWeatherInfoBySpecificElement,TwoPlacesOneTime+start_time+origin+destination+weather_element,
WeatherInfo_httppost,start_time+end_time+location+weather_element+choice_start_time+destination,getWeatherInfoBySpecificElement,FewTimesOnePlace+start_time+end_time+location+weather_element,
WeatherInfo_httppost,start_time+location+whether_situation_1+purpose+start_period,getWeatherInfoByAskType,OneTimeOnePlace+start_time+location+whether_situation_1+WHETHER_SITUATION_1,
WeatherInfo_httppost,start_time+end_time+location+weather_element+choice_start_time+choice_end_time,getWeatherInfoBySpecificElement,FewTimesOnePlace+start_time+end_time+location+weather_element,
WeatherInfo_httppost,start_time++location+whether_strong+weather_element,getWeatherInfoBySpecificElement,OneTimeOnePlace+start_time+location+weather_element,
WeatherInfo_httppost,start_time+weather_element+temperature+location+whether_condition,getWeatherInfoBySpecificElement,OneTimeOnePlace+start_time+location+weather_element,
WeatherInfo_httppost,start_time+start_period+location+whether_condition,getWeatherInfoByAskType,OneTimeOnePlace+start_time+location+whether_condition+WHETHER_CONDITION,
WeatherInfo_httppost,start_time+start_period+location+whether_strong,getWeatherInfoByAskType,OneTimeOnePlace+start_time+location+whether_strong+WHETHER_STRONG,
WeatherInfo_httppost,start_time+start_period+location+whether_situation_1+purpose,getWeatherInfoByAskType,OneTimeOnePlace+start_time+location+whether_strong+WHETHER_STRONG,
WeatherInfo_httppost,start_time+choice_start_time+choice_start_period+start_period+location+whether_strong,getWeatherInfoByAskType,OneTimeOnePlace+start_time+location+whether_strong+WHETHER_STRONG,
WeatherInfo_httppost,start_time+start_period+location+choice_start_period+weather_element,getWeatherInfoBySpecificElement,OneTimeOnePlace+start_time+location+weather_element,
WeatherInfo_httppost,start_time++location+whether_strong+weather_element,getWeatherInfoBySpecificElement,OneTimeOnePlace+start_time+location+weather_element,
WeatherInfo_httppost,start_time+weather_element+temperature+location+whether_condition,getWeatherInfoBySpecificElement,OneTimeOnePlace+start_time+location+weather_element,
WeatherInfo_httppost,start_time+start_period+location+whether_condition,getWeatherInfoByAskType,OneTimeOnePlace+start_time+location+whether_condition+WHETHER_CONDITION,
WeatherInfo_httppost,start_time+start_period+location+whether_strong,getWeatherInfoByAskType,OneTimeOnePlace+start_time+location+whether_strong+WHETHER_STRONG,
WeatherInfo_httppost,start_time+start_period+location+whether_situation_1+purpose,getWeatherInfoByAskType,OneTimeOnePlace+start_time+location+whether_situation_1+WHETHER_SITUATION_1,
WeatherInfo_httppost,start_time+choice_start_time+choice_start_period+start_period+location+whether_strong,getWeatherInfoByAskType,OneTimeOnePlace+start_time+location+whether_strong+WHETHER_STRONG,
WeatherInfo_httppost,start_time+start_period+location+choice_start_period+weather_element,getWeatherInfoBySpecificElement,OneTimeOnePlace+start_time+location+weather_element,
